720p50_shields_ter	bytes	1349713
720p50_shields_ter	bytes.intra_rd	1349713
720p50_shields_ter	bytes.sub8_rd	1349713
720p50_shields_ter	gate.aq_grain_veto	0/30
720p50_shields_ter	gate.intra_rd_flip	0/0
720p50_shields_ter	gate.intrard.aq_grain_veto	0/30
720p50_shields_ter	gate.intrard.intra_rd_flip	0/0
720p50_shields_ter	gate.intrard.mbtree_backoff	0/1
720p50_shields_ter	gate.intrard.mbtree_grain	0/1
720p50_shields_ter	gate.intrard.mbtree_spread	1/1
720p50_shields_ter	gate.intrard.shape_rd_flip	39528/95809
720p50_shields_ter	gate.intrard.sub8_grain	0/95809
720p50_shields_ter	gate.intrard.sub8_rd_revert	42024/59079
720p50_shields_ter	gate.intrard.sub8_split	91411/383236
720p50_shields_ter	gate.mbtree_backoff	0/1
720p50_shields_ter	gate.mbtree_grain	0/1
720p50_shields_ter	gate.mbtree_spread	1/1
720p50_shields_ter	gate.shape_rd_flip	39528/95809
720p50_shields_ter	gate.sub8.aq_grain_veto	0/30
720p50_shields_ter	gate.sub8.intra_rd_flip	0/0
720p50_shields_ter	gate.sub8.mbtree_backoff	0/1
720p50_shields_ter	gate.sub8.mbtree_grain	0/1
720p50_shields_ter	gate.sub8.mbtree_spread	1/1
720p50_shields_ter	gate.sub8.shape_rd_flip	39528/95809
720p50_shields_ter	gate.sub8.sub8_grain	0/95809
720p50_shields_ter	gate.sub8.sub8_rd_revert	42024/59079
720p50_shields_ter	gate.sub8.sub8_split	91411/383236
720p50_shields_ter	gate.sub8_grain	0/95809
720p50_shields_ter	gate.sub8_rd_revert	42024/59079
720p50_shields_ter	gate.sub8_split	91411/383236
720p50_shields_ter	hash	4293b90e1affc255
720p50_shields_ter	hash.aq0_mbtree0	ad1577963639a62e
720p50_shields_ter	hash.intra_rd	4293b90e1affc255
720p50_shields_ter	hash.sub8_rd	4293b90e1affc255
720p50_shields_ter	work.best_part	3932692
720p50_shields_ter	work.intrard.best_part	3932692
720p50_shields_ter	work.intrard.mb_coded	100332
720p50_shields_ter	work.intrard.mb_plan	598468
720p50_shields_ter	work.mb_coded	100332
720p50_shields_ter	work.mb_plan	598468
720p50_shields_ter	work.sub8.best_part	3932692
720p50_shields_ter	work.sub8.mb_coded	100332
720p50_shields_ter	work.sub8.mb_plan	598468
FourPeople_1280x720_60	bytes	230717
FourPeople_1280x720_60	bytes.intra_rd	230717
FourPeople_1280x720_60	bytes.sub8_rd	230717
FourPeople_1280x720_60	gate.aq_grain_veto	0/30
FourPeople_1280x720_60	gate.intra_rd_flip	0/0
FourPeople_1280x720_60	gate.intrard.aq_grain_veto	0/30
FourPeople_1280x720_60	gate.intrard.intra_rd_flip	0/0
FourPeople_1280x720_60	gate.intrard.mbtree_backoff	0/1
FourPeople_1280x720_60	gate.intrard.mbtree_grain	0/1
FourPeople_1280x720_60	gate.intrard.mbtree_spread	0/1
FourPeople_1280x720_60	gate.intrard.shape_rd_flip	2100/5559
FourPeople_1280x720_60	gate.intrard.sub8_grain	0/5559
FourPeople_1280x720_60	gate.intrard.sub8_rd_revert	2863/4097
FourPeople_1280x720_60	gate.intrard.sub8_split	6981/22236
FourPeople_1280x720_60	gate.mbtree_backoff	0/1
FourPeople_1280x720_60	gate.mbtree_grain	0/1
FourPeople_1280x720_60	gate.mbtree_spread	0/1
FourPeople_1280x720_60	gate.shape_rd_flip	2100/5559
FourPeople_1280x720_60	gate.sub8.aq_grain_veto	0/30
FourPeople_1280x720_60	gate.sub8.intra_rd_flip	0/0
FourPeople_1280x720_60	gate.sub8.mbtree_backoff	0/1
FourPeople_1280x720_60	gate.sub8.mbtree_grain	0/1
FourPeople_1280x720_60	gate.sub8.mbtree_spread	0/1
FourPeople_1280x720_60	gate.sub8.shape_rd_flip	2100/5559
FourPeople_1280x720_60	gate.sub8.sub8_grain	0/5559
FourPeople_1280x720_60	gate.sub8.sub8_rd_revert	2863/4097
FourPeople_1280x720_60	gate.sub8.sub8_split	6981/22236
FourPeople_1280x720_60	gate.sub8_grain	0/5559
FourPeople_1280x720_60	gate.sub8_rd_revert	2863/4097
FourPeople_1280x720_60	gate.sub8_split	6981/22236
FourPeople_1280x720_60	hash	b322b3f24152983a
FourPeople_1280x720_60	hash.aq0_mbtree0	1c2444250dade5f3
FourPeople_1280x720_60	hash.intra_rd	b322b3f24152983a
FourPeople_1280x720_60	hash.sub8_rd	b322b3f24152983a
FourPeople_1280x720_60	work.best_part	254000
FourPeople_1280x720_60	work.intrard.best_part	254000
FourPeople_1280x720_60	work.intrard.mb_coded	31642
FourPeople_1280x720_60	work.intrard.mb_plan	62019
FourPeople_1280x720_60	work.mb_coded	31642
FourPeople_1280x720_60	work.mb_plan	62019
FourPeople_1280x720_60	work.sub8.best_part	254000
FourPeople_1280x720_60	work.sub8.mb_coded	31642
FourPeople_1280x720_60	work.sub8.mb_plan	62019
bus_cif	bytes	236344
bus_cif	bytes.intra_rd	236344
bus_cif	bytes.sub8_rd	236344
bus_cif	gate.aq_grain_veto	0/30
bus_cif	gate.intra_rd_flip	0/0
bus_cif	gate.intrard.aq_grain_veto	0/30
bus_cif	gate.intrard.intra_rd_flip	0/0
bus_cif	gate.intrard.mbtree_backoff	0/1
bus_cif	gate.intrard.mbtree_grain	0/1
bus_cif	gate.intrard.mbtree_spread	1/1
bus_cif	gate.intrard.shape_rd_flip	3208/9133
bus_cif	gate.intrard.sub8_grain	0/9133
bus_cif	gate.intrard.sub8_rd_revert	4926/7862
bus_cif	gate.intrard.sub8_split	16542/36532
bus_cif	gate.mbtree_backoff	0/1
bus_cif	gate.mbtree_grain	0/1
bus_cif	gate.mbtree_spread	1/1
bus_cif	gate.shape_rd_flip	3208/9133
bus_cif	gate.sub8.aq_grain_veto	0/30
bus_cif	gate.sub8.intra_rd_flip	0/0
bus_cif	gate.sub8.mbtree_backoff	0/1
bus_cif	gate.sub8.mbtree_grain	0/1
bus_cif	gate.sub8.mbtree_spread	1/1
bus_cif	gate.sub8.shape_rd_flip	3208/9133
bus_cif	gate.sub8.sub8_grain	0/9133
bus_cif	gate.sub8.sub8_rd_revert	4926/7862
bus_cif	gate.sub8.sub8_split	16542/36532
bus_cif	gate.sub8_grain	0/9133
bus_cif	gate.sub8_rd_revert	4926/7862
bus_cif	gate.sub8_split	16542/36532
bus_cif	hash	dac05cd6afb19ae3
bus_cif	hash.aq0_mbtree0	0dac951c864ae6c4
bus_cif	hash.intra_rd	dac05cd6afb19ae3
bus_cif	hash.sub8_rd	dac05cd6afb19ae3
bus_cif	work.best_part	376751
bus_cif	work.intrard.best_part	376751
bus_cif	work.intrard.mb_coded	11431
bus_cif	work.intrard.mb_plan	63581
bus_cif	work.mb_coded	11431
bus_cif	work.mb_plan	63581
bus_cif	work.sub8.best_part	376751
bus_cif	work.sub8.mb_coded	11431
bus_cif	work.sub8.mb_plan	63581
foreman_cif	bytes	95707
foreman_cif	bytes.intra_rd	95707
foreman_cif	bytes.sub8_rd	95707
foreman_cif	gate.aq_grain_veto	0/30
foreman_cif	gate.intra_rd_flip	0/0
foreman_cif	gate.intrard.aq_grain_veto	0/30
foreman_cif	gate.intrard.intra_rd_flip	0/0
foreman_cif	gate.intrard.mbtree_backoff	0/1
foreman_cif	gate.intrard.mbtree_grain	0/1
foreman_cif	gate.intrard.mbtree_spread	1/1
foreman_cif	gate.intrard.shape_rd_flip	1803/5005
foreman_cif	gate.intrard.sub8_grain	0/5005
foreman_cif	gate.intrard.sub8_rd_revert	2207/3762
foreman_cif	gate.intrard.sub8_split	6420/20020
foreman_cif	gate.mbtree_backoff	0/1
foreman_cif	gate.mbtree_grain	0/1
foreman_cif	gate.mbtree_spread	1/1
foreman_cif	gate.shape_rd_flip	1803/5005
foreman_cif	gate.sub8.aq_grain_veto	0/30
foreman_cif	gate.sub8.intra_rd_flip	0/0
foreman_cif	gate.sub8.mbtree_backoff	0/1
foreman_cif	gate.sub8.mbtree_grain	0/1
foreman_cif	gate.sub8.mbtree_spread	1/1
foreman_cif	gate.sub8.shape_rd_flip	1803/5005
foreman_cif	gate.sub8.sub8_grain	0/5005
foreman_cif	gate.sub8.sub8_rd_revert	2207/3762
foreman_cif	gate.sub8.sub8_split	6420/20020
foreman_cif	gate.sub8_grain	0/5005
foreman_cif	gate.sub8_rd_revert	2207/3762
foreman_cif	gate.sub8_split	6420/20020
foreman_cif	hash	4d3b39a758973782
foreman_cif	hash.aq0_mbtree0	9247330f518c7532
foreman_cif	hash.intra_rd	4d3b39a758973782
foreman_cif	hash.sub8_rd	4d3b39a758973782
foreman_cif	work.best_part	210602
foreman_cif	work.intrard.best_part	210602
foreman_cif	work.intrard.mb_coded	10402
foreman_cif	work.intrard.mb_plan	37910
foreman_cif	work.mb_coded	10402
foreman_cif	work.mb_plan	37910
foreman_cif	work.sub8.best_part	210602
foreman_cif	work.sub8.mb_coded	10402
foreman_cif	work.sub8.mb_plan	37910
in_to_tree_420_720p50	bytes	1262925
in_to_tree_420_720p50	bytes.intra_rd	1262925
in_to_tree_420_720p50	bytes.sub8_rd	1262925
in_to_tree_420_720p50	gate.aq_grain_veto	0/30
in_to_tree_420_720p50	gate.intra_rd_flip	0/0
in_to_tree_420_720p50	gate.intrard.aq_grain_veto	0/30
in_to_tree_420_720p50	gate.intrard.intra_rd_flip	0/0
in_to_tree_420_720p50	gate.intrard.mbtree_backoff	0/1
in_to_tree_420_720p50	gate.intrard.mbtree_grain	0/1
in_to_tree_420_720p50	gate.intrard.mbtree_spread	1/1
in_to_tree_420_720p50	gate.intrard.shape_rd_flip	33917/80907
in_to_tree_420_720p50	gate.intrard.sub8_grain	0/80907
in_to_tree_420_720p50	gate.intrard.sub8_rd_revert	32608/43941
in_to_tree_420_720p50	gate.intrard.sub8_split	62969/323628
in_to_tree_420_720p50	gate.mbtree_backoff	0/1
in_to_tree_420_720p50	gate.mbtree_grain	0/1
in_to_tree_420_720p50	gate.mbtree_spread	1/1
in_to_tree_420_720p50	gate.shape_rd_flip	33917/80907
in_to_tree_420_720p50	gate.sub8.aq_grain_veto	0/30
in_to_tree_420_720p50	gate.sub8.intra_rd_flip	0/0
in_to_tree_420_720p50	gate.sub8.mbtree_backoff	0/1
in_to_tree_420_720p50	gate.sub8.mbtree_grain	0/1
in_to_tree_420_720p50	gate.sub8.mbtree_spread	1/1
in_to_tree_420_720p50	gate.sub8.shape_rd_flip	33917/80907
in_to_tree_420_720p50	gate.sub8.sub8_grain	0/80907
in_to_tree_420_720p50	gate.sub8.sub8_rd_revert	32608/43941
in_to_tree_420_720p50	gate.sub8.sub8_split	62969/323628
in_to_tree_420_720p50	gate.sub8_grain	0/80907
in_to_tree_420_720p50	gate.sub8_rd_revert	32608/43941
in_to_tree_420_720p50	gate.sub8_split	62969/323628
in_to_tree_420_720p50	hash	f8384707183d4b20
in_to_tree_420_720p50	hash.aq0_mbtree0	6c332e3e595e72f6
in_to_tree_420_720p50	hash.intra_rd	f8384707183d4b20
in_to_tree_420_720p50	hash.sub8_rd	f8384707183d4b20
in_to_tree_420_720p50	work.best_part	3337447
in_to_tree_420_720p50	work.intrard.best_part	3337447
in_to_tree_420_720p50	work.intrard.mb_coded	101167
in_to_tree_420_720p50	work.intrard.mb_plan	512671
in_to_tree_420_720p50	work.mb_coded	101167
in_to_tree_420_720p50	work.mb_plan	512671
in_to_tree_420_720p50	work.sub8.best_part	3337447
in_to_tree_420_720p50	work.sub8.mb_coded	101167
in_to_tree_420_720p50	work.sub8.mb_plan	512671
mobile_cif	bytes	325021
mobile_cif	bytes.intra_rd	325021
mobile_cif	bytes.sub8_rd	325021
mobile_cif	gate.aq_grain_veto	0/30
mobile_cif	gate.intra_rd_flip	0/0
mobile_cif	gate.intrard.aq_grain_veto	0/30
mobile_cif	gate.intrard.intra_rd_flip	0/0
mobile_cif	gate.intrard.mbtree_backoff	0/1
mobile_cif	gate.intrard.mbtree_grain	0/1
mobile_cif	gate.intrard.mbtree_spread	1/1
mobile_cif	gate.intrard.shape_rd_flip	0/0
mobile_cif	gate.intrard.sub8_grain	0/10456
mobile_cif	gate.intrard.sub8_rd_revert	5925/10043
mobile_cif	gate.intrard.sub8_split	25028/41824
mobile_cif	gate.mbtree_backoff	0/1
mobile_cif	gate.mbtree_grain	0/1
mobile_cif	gate.mbtree_spread	1/1
mobile_cif	gate.shape_rd_flip	0/0
mobile_cif	gate.sub8.aq_grain_veto	0/30
mobile_cif	gate.sub8.intra_rd_flip	0/0
mobile_cif	gate.sub8.mbtree_backoff	0/1
mobile_cif	gate.sub8.mbtree_grain	0/1
mobile_cif	gate.sub8.mbtree_spread	1/1
mobile_cif	gate.sub8.shape_rd_flip	0/0
mobile_cif	gate.sub8.sub8_grain	0/10456
mobile_cif	gate.sub8.sub8_rd_revert	5925/10043
mobile_cif	gate.sub8.sub8_split	25028/41824
mobile_cif	gate.sub8_grain	0/10456
mobile_cif	gate.sub8_rd_revert	5925/10043
mobile_cif	gate.sub8_split	25028/41824
mobile_cif	hash	2a3eb67af7bb1a7f
mobile_cif	hash.aq0_mbtree0	610d2ece08e3a8eb
mobile_cif	hash.intra_rd	2a3eb67af7bb1a7f
mobile_cif	hash.sub8_rd	2a3eb67af7bb1a7f
mobile_cif	work.best_part	429556
mobile_cif	work.intrard.best_part	429556
mobile_cif	work.intrard.mb_coded	11316
mobile_cif	work.intrard.mb_plan	31393
mobile_cif	work.mb_coded	11316
mobile_cif	work.mb_plan	31393
mobile_cif	work.sub8.best_part	429556
mobile_cif	work.sub8.mb_coded	11316
mobile_cif	work.sub8.mb_plan	31393
